dataset,scenario,lecturers,impl,giniHours,giniUtilisation,lecturersWithCeiling,lecturersTotal
baseline-10,baseline,10,after,0.086144,0.085150,10,10
baseline-10,baseline,10,before,0.160041,0.156832,10,10
baseline-160,baseline,160,after,0.138434,0.063328,160,160
baseline-160,baseline,160,before,0.216575,0.168486,160,160
baseline-20,baseline,20,after,0.114132,0.075370,20,20
baseline-20,baseline,20,before,0.184545,0.164852,20,20
baseline-320,baseline,320,after,0.144409,0.082550,320,320
baseline-320,baseline,320,before,0.200123,0.152856,320,320
baseline-40,baseline,40,after,0.126192,0.064429,40,40
baseline-40,baseline,40,before,0.195557,0.151115,40,40
baseline-80,baseline,80,after,0.147868,0.081576,80,80
baseline-80,baseline,80,before,0.193951,0.139309,80,80
dense-candidates-10,dense-candidates,10,after,0.066837,0.022003,10,10
dense-candidates-10,dense-candidates,10,before,0.199707,0.167971,10,10
dense-candidates-160,dense-candidates,160,after,0.127840,0.107266,160,160
dense-candidates-160,dense-candidates,160,before,0.193569,0.186830,160,160
dense-candidates-20,dense-candidates,20,after,0.128683,0.112029,20,20
dense-candidates-20,dense-candidates,20,before,0.174251,0.171648,20,20
dense-candidates-320,dense-candidates,320,after,0.132367,0.108495,320,320
dense-candidates-320,dense-candidates,320,before,0.212213,0.205359,320,320
dense-candidates-40,dense-candidates,40,after,0.140696,0.118668,40,40
dense-candidates-40,dense-candidates,40,before,0.196315,0.184899,40,40
dense-candidates-80,dense-candidates,80,after,0.125082,0.101239,80,80
dense-candidates-80,dense-candidates,80,before,0.203903,0.193203,80,80
gaps-mode-10,gaps-mode,10,after,0.088635,0.070073,10,10
gaps-mode-10,gaps-mode,10,before,0.150900,0.123242,10,10
gaps-mode-160,gaps-mode,160,after,0.144039,0.074907,160,160
gaps-mode-160,gaps-mode,160,before,0.195026,0.136619,160,160
gaps-mode-20,gaps-mode,20,after,0.140346,0.075355,20,20
gaps-mode-20,gaps-mode,20,before,0.170419,0.107269,20,20
gaps-mode-320,gaps-mode,320,after,0.143161,0.078874,320,320
gaps-mode-320,gaps-mode,320,before,0.184930,0.131753,320,320
gaps-mode-40,gaps-mode,40,after,0.125969,0.100111,40,40
gaps-mode-40,gaps-mode,40,before,0.159393,0.133919,40,40
gaps-mode-80,gaps-mode,80,after,0.137072,0.090477,80,80
gaps-mode-80,gaps-mode,80,before,0.179707,0.140327,80,80
oversubscribed-10,oversubscribed,10,after,0.047942,0.002609,10,10
oversubscribed-10,oversubscribed,10,before,0.096303,0.058152,10,10
oversubscribed-160,oversubscribed,160,after,0.035094,0.000953,160,160
oversubscribed-160,oversubscribed,160,before,0.098969,0.072239,160,160
oversubscribed-20,oversubscribed,20,after,0.042279,0.003617,20,20
oversubscribed-20,oversubscribed,20,before,0.071656,0.042134,20,20
oversubscribed-320,oversubscribed,320,after,0.034027,0.001510,320,320
oversubscribed-320,oversubscribed,320,before,0.089657,0.065612,320,320
oversubscribed-40,oversubscribed,40,after,0.029475,0.000506,40,40
oversubscribed-40,oversubscribed,40,before,0.091559,0.069267,40,40
oversubscribed-80,oversubscribed,80,after,0.038541,0.001597,80,80
oversubscribed-80,oversubscribed,80,before,0.106198,0.078578,80,80
sparse-candidates-10,sparse-candidates,10,after,0.071117,0.051502,10,10
sparse-candidates-10,sparse-candidates,10,before,0.150000,0.130117,10,10
sparse-candidates-160,sparse-candidates,160,after,0.210139,0.116788,160,160
sparse-candidates-160,sparse-candidates,160,before,0.282422,0.194279,160,160
sparse-candidates-20,sparse-candidates,20,after,0.277034,0.205682,20,20
sparse-candidates-20,sparse-candidates,20,before,0.343001,0.274840,20,20
sparse-candidates-320,sparse-candidates,320,after,0.210938,0.103361,320,320
sparse-candidates-320,sparse-candidates,320,before,0.269470,0.169322,320,320
sparse-candidates-40,sparse-candidates,40,after,0.160505,0.084295,40,40
sparse-candidates-40,sparse-candidates,40,before,0.257711,0.188383,40,40
sparse-candidates-80,sparse-candidates,80,after,0.188506,0.086593,80,80
sparse-candidates-80,sparse-candidates,80,before,0.246348,0.153537,80,80
tight-ceilings-10,tight-ceilings,10,after,0.035783,0.023215,10,10
tight-ceilings-10,tight-ceilings,10,before,0.108760,0.097376,10,10
tight-ceilings-160,tight-ceilings,160,after,0.111169,0.006454,160,160
tight-ceilings-160,tight-ceilings,160,before,0.163362,0.088756,160,160
tight-ceilings-20,tight-ceilings,20,after,0.079066,0.001906,20,20
tight-ceilings-20,tight-ceilings,20,before,0.166277,0.134983,20,20
tight-ceilings-320,tight-ceilings,320,after,0.111294,0.008506,320,320
tight-ceilings-320,tight-ceilings,320,before,0.171176,0.097694,320,320
tight-ceilings-40,tight-ceilings,40,after,0.086648,0.008277,40,40
tight-ceilings-40,tight-ceilings,40,before,0.166960,0.114513,40,40
tight-ceilings-80,tight-ceilings,80,after,0.085797,0.008260,80,80
tight-ceilings-80,tight-ceilings,80,before,0.135421,0.087250,80,80
tight-floors-10,tight-floors,10,after,0.076198,0.068396,10,10
tight-floors-10,tight-floors,10,before,0.116281,0.107133,10,10
tight-floors-160,tight-floors,160,after,0.135736,0.110113,160,160
tight-floors-160,tight-floors,160,before,0.194123,0.171642,160,160
tight-floors-20,tight-floors,20,after,0.090762,0.087104,20,20
tight-floors-20,tight-floors,20,before,0.159434,0.149771,20,20
tight-floors-320,tight-floors,320,after,0.134790,0.105274,320,320
tight-floors-320,tight-floors,320,before,0.201580,0.176850,320,320
tight-floors-40,tight-floors,40,after,0.145968,0.103394,40,40
tight-floors-40,tight-floors,40,before,0.189532,0.149025,40,40
tight-floors-80,tight-floors,80,after,0.128115,0.102368,80,80
tight-floors-80,tight-floors,80,before,0.194561,0.174717,80,80
unconstrained-10,unconstrained,10,after,0.138572,0.138572,10,10
unconstrained-10,unconstrained,10,before,0.183053,0.183053,10,10
unconstrained-160,unconstrained,160,after,0.141560,0.141560,160,160
unconstrained-160,unconstrained,160,before,0.204803,0.204803,160,160
unconstrained-20,unconstrained,20,after,0.110176,0.110176,20,20
unconstrained-20,unconstrained,20,before,0.126992,0.126992,20,20
unconstrained-320,unconstrained,320,after,0.138589,0.138589,320,320
unconstrained-320,unconstrained,320,before,0.203052,0.203052,320,320
unconstrained-40,unconstrained,40,after,0.141368,0.141368,40,40
unconstrained-40,unconstrained,40,before,0.163364,0.163364,40,40
unconstrained-80,unconstrained,80,after,0.136458,0.136458,80,80
unconstrained-80,unconstrained,80,before,0.172474,0.172474,80,80
