dataset,scenario,lecturers,slots,msBefore,msMedianBefore,msMaxBefore,msIqrBefore,repeatsBefore,msAfter,msMedianAfter,msMaxAfter,msIqrAfter,repeatsAfter,speedup,speedupMedian,filledBefore,filledAfter,requestedSlots,overrunHoursBefore,overrunHoursAfter,ceilingBreachesBefore,ceilingBreachesAfter,floorViolationsBefore,floorViolationsAfter
baseline-10,baseline,10,113,45.082,45.845,46.965,0.669,5,3.623,3.994,5.367,1.176,5,12.442,11.480,113,113,113,220.0,0.0,2,0,1,1
dense-candidates-10,dense-candidates,10,162,221.174,221.934,223.485,1.458,5,8.095,9.297,10.583,1.597,5,27.322,23.872,162,162,162,624.0,0.0,3,0,1,8
gaps-mode-10,gaps-mode,10,109,13.460,14.168,14.543,0.791,5,2.249,2.394,2.565,0.155,5,5.985,5.919,52,52,53,306.0,0.0,2,0,3,3
oversubscribed-10,oversubscribed,10,250,154.639,155.769,158.242,0.998,5,6.042,6.418,7.708,0.668,5,25.594,24.271,211,170,250,1772.0,0.0,9,0,5,11
sparse-candidates-10,sparse-candidates,10,106,13.686,14.181,15.220,1.129,5,1.744,1.750,1.863,0.046,5,7.846,8.104,104,104,106,334.0,0.0,2,0,4,4
tight-ceilings-10,tight-ceilings,10,193,93.674,96.719,98.836,1.815,5,5.932,6.073,8.074,0.085,5,15.791,15.927,193,184,193,505.0,0.0,6,0,0,0
tight-floors-10,tight-floors,10,171,153.475,156.553,158.147,3.353,5,5.530,5.568,7.324,0.301,5,27.755,28.118,171,171,171,104.0,0.0,1,0,8,7
unconstrained-10,unconstrained,10,153,44.731,46.415,47.923,1.826,5,2.395,2.454,3.269,0.440,5,18.678,18.912,153,153,153,298.0,0.0,2,0,0,0
baseline-20,baseline,20,330,304.402,306.558,377.071,16.351,5,8.356,15.607,26.205,5.732,5,36.428,19.642,330,330,330,616.0,0.0,9,0,3,5
dense-candidates-20,dense-candidates,20,315,884.083,894.132,908.250,0.877,5,16.095,17.544,19.809,2.049,5,54.928,50.966,315,315,315,474.0,0.0,7,0,2,2
gaps-mode-20,gaps-mode,20,332,108.462,109.769,114.334,1.019,5,4.999,5.236,10.813,2.042,5,21.696,20.963,156,156,158,252.0,0.0,4,0,4,4
oversubscribed-20,oversubscribed,20,539,697.158,700.807,713.371,8.649,5,14.188,14.707,16.662,0.885,5,49.137,47.650,420,384,539,2205.0,0.0,20,0,16,17
sparse-candidates-20,sparse-candidates,20,262,79.621,80.380,80.758,0.255,5,2.763,2.793,4.113,0.096,5,28.814,28.780,227,206,262,1020.0,0.0,7,0,8,11
tight-ceilings-20,tight-ceilings,20,304,223.718,226.232,320.893,2.928,5,6.565,6.781,9.608,2.299,5,34.079,33.363,304,279,304,1613.0,0.0,12,0,0,0
tight-floors-20,tight-floors,20,287,398.009,403.905,408.893,3.555,5,7.606,7.723,9.102,0.038,5,52.330,52.301,287,287,287,590.0,0.0,4,0,33,22
unconstrained-20,unconstrained,20,327,229.509,230.845,233.987,0.838,5,5.107,5.167,6.154,0.042,5,44.940,44.678,327,327,327,112.0,0.0,4,0,0,0
baseline-40,baseline,40,566,944.481,962.656,984.755,23.187,5,12.109,13.914,14.904,1.674,5,77.999,69.188,566,566,566,1257.0,0.0,13,0,7,7
dense-candidates-40,dense-candidates,40,597,3984.838,4017.190,4101.210,55.767,5,27.375,30.014,31.872,0.413,5,145.565,133.846,597,597,597,1025.0,0.0,15,0,13,17
gaps-mode-40,gaps-mode,40,656,405.524,410.044,410.958,4.876,5,8.868,9.261,14.293,2.879,5,45.727,44.276,325,325,325,578.0,0.0,10,0,8,8
oversubscribed-40,oversubscribed,40,979,2266.483,2284.798,2346.451,12.196,5,23.721,24.636,26.650,2.052,5,95.547,92.741,876,722,979,7044.0,0.0,40,0,27,33
sparse-candidates-40,sparse-candidates,40,566,362.109,371.341,431.156,5.592,5,6.364,7.601,10.321,1.105,5,56.896,48.856,535,529,566,1646.0,0.0,11,0,14,15
tight-ceilings-40,tight-ceilings,40,690,1174.531,1186.946,1192.614,2.592,5,18.725,20.837,22.450,0.663,5,62.725,56.963,690,666,690,2122.0,0.0,26,0,0,0
tight-floors-40,tight-floors,40,662,1630.584,1643.893,1660.516,3.310,5,18.423,21.183,22.331,1.322,5,88.508,77.604,662,661,662,745.0,0.0,12,0,89,59
unconstrained-40,unconstrained,40,682,1065.489,1085.819,1100.727,2.569,5,12.645,12.842,15.339,1.541,5,84.261,84.550,682,682,682,286.0,0.0,11,0,0,0
baseline-80,baseline,80,1267,6693.286,6841.263,6908.760,90.483,5,31.983,34.546,37.719,2.058,5,209.274,198.033,1266,1260,1267,1996.0,0.0,33,0,15,22
dense-candidates-80,dense-candidates,80,1155,12206.424,12282.882,12686.311,280.557,5,72.932,76.501,92.235,2.545,5,167.367,160.559,1155,1155,1155,2603.0,0.0,33,0,51,24
gaps-mode-80,gaps-mode,80,1161,2274.048,2296.964,2364.505,29.430,5,20.486,24.798,30.900,6.068,5,111.007,92.626,545,545,549,1688.0,20.0,21,1,23,24
oversubscribed-80,oversubscribed,80,2028,10249.909,10356.891,10701.179,160.573,5,53.973,57.761,58.467,1.438,5,189.909,179.307,1788,1484,2028,13249.0,0.0,76,0,49,79
sparse-candidates-80,sparse-candidates,80,1268,2015.284,2028.871,2063.106,16.275,5,13.288,14.681,18.772,3.467,5,151.660,138.200,1176,1173,1268,2180.0,0.0,17,0,28,31
tight-ceilings-80,tight-ceilings,80,1488,5438.941,5496.888,5536.961,55.774,5,35.531,36.778,38.752,0.217,5,153.075,149.463,1488,1442,1488,3343.0,0.0,49,0,0,0
tight-floors-80,tight-floors,80,1145,4249.270,4275.079,4361.409,70.348,5,33.775,34.480,38.782,1.140,5,125.813,123.986,1145,1145,1145,2047.0,0.0,20,0,143,95
unconstrained-80,unconstrained,80,1297,3640.317,3661.472,3717.287,29.282,5,22.153,25.623,26.983,2.275,5,164.330,142.897,1297,1297,1297,1216.0,0.0,22,0,0,0
baseline-160,baseline,160,2186,21577.648,21719.905,21860.939,141.645,3,65.134,74.062,91.254,7.044,5,331.280,293.268,2186,2185,2186,6038.0,0.0,62,0,44,49
dense-candidates-160,dense-candidates,160,2542,45546.836,47873.964,50201.093,2327.128,2,178.922,202.647,323.249,61.476,5,254.562,236.243,2542,2542,2542,4481.0,0.0,74,0,127,65
gaps-mode-160,gaps-mode,160,2603,13808.141,14167.501,14393.699,249.510,5,53.496,57.318,62.548,5.636,5,258.117,247.173,1326,1324,1329,3458.0,96.0,58,2,45,55
oversubscribed-160,oversubscribed,160,4070,44430.525,44980.756,45530.986,550.230,2,128.540,133.099,136.987,2.898,5,345.656,337.949,3516,2967,4070,24463.0,0.0,156,0,91,133
sparse-candidates-160,sparse-candidates,160,2385,7816.179,7856.183,7942.460,43.362,5,38.051,41.202,56.692,3.273,5,205.411,190.674,2198,2116,2385,5975.0,0.0,46,0,64,66
tight-ceilings-160,tight-ceilings,160,2829,20829.784,21275.235,21340.569,255.392,3,95.956,103.807,189.039,33.971,5,217.077,204.949,2825,2629,2829,9589.0,0.0,113,0,0,0
tight-floors-160,tight-floors,160,2575,20082.982,20159.718,20310.145,113.581,3,84.740,89.987,93.522,2.940,5,236.995,224.029,2575,2575,2575,3478.0,0.0,49,0,332,220
unconstrained-160,unconstrained,160,2477,14088.164,14214.137,14309.906,18.637,5,51.867,53.376,62.192,4.114,5,271.619,266.300,2477,2477,2477,4044.0,0.0,45,0,0,0
baseline-320,baseline,320,4848,91058.817,91058.817,91058.817,0.000,1,147.343,151.798,153.265,5.171,5,618.007,599.870,4847,4845,4848,8078.0,0.0,105,0,91,62
dense-candidates-320,dense-candidates,320,4614,152994.402,152994.402,152994.402,0.000,1,314.973,318.433,335.936,10.884,5,485.738,480.460,4614,4614,4614,11937.0,0.0,127,0,232,125
gaps-mode-320,gaps-mode,320,5080,64099.453,64099.453,64099.453,0.000,1,115.927,119.256,122.008,2.091,5,552.932,537.496,2504,2501,2512,6422.0,4.0,94,1,82,87
oversubscribed-320,oversubscribed,320,8316,235471.446,235471.446,235471.446,0.000,1,300.967,330.672,350.451,1.719,5,782.384,712.101,7040,6136,8316,46054.0,0.0,315,0,208,285
sparse-candidates-320,sparse-candidates,320,5102,53482.936,53749.390,54015.843,266.454,2,79.517,84.337,86.560,2.103,5,672.598,637.316,4768,4668,5102,9054.0,0.0,74,0,85,90
tight-ceilings-320,tight-ceilings,320,5695,104411.951,104411.951,104411.951,0.000,1,189.855,205.025,331.073,36.860,5,549.956,509.265,5691,5343,5695,18233.0,0.0,209,0,0,0
tight-floors-320,tight-floors,320,5003,84052.203,84052.203,84052.203,0.000,1,205.963,209.771,221.805,12.876,5,408.094,400.685,5003,5003,5003,7202.0,0.0,103,0,645,386
unconstrained-320,unconstrained,320,4770,58104.176,58196.436,58288.695,92.259,2,127.414,129.100,152.168,2.327,5,456.027,450.785,4770,4770,4770,8266.0,0.0,86,0,0,0
